cohort_year,avg_investment,total_investment,amfi_code
2024,107422.54183205638,3491125187,148568
2025,109158.5770609319,30455243,119599
